{"today": 1598565600.0, "saved_water": 127.13334151833644, "saved_money": 177.986678125671, "warning": "DROUGHT", "groups_list": [{"ndvi_img_url": "http://api.agromonitoring.com/image/1.0/0205f2f3c80/5f492ee8714b525d6ce0ff7d?appid=4ff59f3f15eb9db7512fc7d24272f769", "ndvi_mean": 0.26471014201058674, "center": [-121.82537549999999, 39.0955965], "groupName": "Polygon A : CORN FIELD", "daily_water_unit": 2.41099218811714}, {"ndvi_img_url": "http://api.agromonitoring.com/image/1.0/0205f2f3c80/5f492ee8714b52a863e0ff7e?appid=4ff59f3f15eb9db7512fc7d24272f769", "ndvi_mean": 0.7912097684679327, "center": [-121.82471050000001, 39.083796], "groupName": "Polygon B : GREEN PLANTS FIELD", "daily_water_unit": 3.256632182285482}, {"ndvi_img_url": "http://api.agromonitoring.com/image/1.0/0205f2f3c80/5f492ee8714b525351e0ff7f?appid=4ff59f3f15eb9db7512fc7d24272f769", "ndvi_mean": 0.6906022705959057, "center": [-121.81537625, 39.0810165], "groupName": "Polygon C : WHEAT FIELD", "daily_water_unit": 3.3139175303189647}, {"ndvi_img_url": "http://api.agromonitoring.com/image/1.0/0205f2f3c80/5f492ee8714b52e5a3e0ff80?appid=4ff59f3f15eb9db7512fc7d24272f769", "ndvi_mean": 0.16907731910701732, "center": [-121.79617174999998, 39.073426], "groupName": "Polygon D : GROUND VEGETABLES FIELD", "daily_water_unit": 13.156806625424341}]}